	mean_all	var_all	sd_all	OccRate_all	AUROC	AUPRC	clr_mean_all	clr_var_all	clr_sd_all	clr_AUROC	clr_AUPRC	mean__Clean_Prosthesis	sd__Clean_Prosthesis	median__Clean_Prosthesis	log10_median__Clean_Prosthesis	OccRate__Clean_Prosthesis	mean__Unclean_Prosthesis	sd__Unclean_Prosthesis	median__Unclean_Prosthesis	log10_median__Unclean_Prosthesis	OccRate__Unclean_Prosthesis	mean_logfc	clr_mean__Clean_Prosthesis	clr_sd__Clean_Prosthesis	clr_median__Clean_Prosthesis	clr_mean__Unclean_Prosthesis	clr_sd__Unclean_Prosthesis	clr_median__Unclean_Prosthesis	param.test_p	non.param.test_p	param.test_p.adj	non.param.test_p.adj	IfSig	IfSigEnr	Enr
Prevotella_denticola	0.000315874810566008	3.89408202540517e-06	0.00197334285551325	0.154639175257732	0.422077922077922	0.431988636428655	0.95569655517494	17.0285530375787	4.12656673732277	0.41038961038961	0.419725484996104	0.000162253016791683	0.00117959472198595	0	Inf	0.0909090909090909	0.000517046207175243	0.00268553576455826	0	Inf	0.238095238095238	-1.6720479137931	0.74691686401198	4.7745972115245	0	1.22909853169786	3.11635424573749	0	0.549930988632182	0.0166096253229339	1	1	Sig	Sig.Clean_Prosthesis_depleted	Clean_Prosthesis_depleted
Streptococcus_australis	0.000124715544623253	1.16178122380444e-06	0.00107785955662342	0.0721649484536082	0.437662337662338	0.350753112866515	0.400347145664773	2.78847819698938	1.66987370689803	0.436363636363636	0.349779086892489	2.98262689877256e-06	2.21197530942479e-05	0	Inf	0.0181818181818182	0.000284127698786264	0.00163514915134347	0	Inf	0.142857142857143	-6.57381215222338	0.0297288464968066	0.220475026412717	0	0.885680632670443	2.45754825952878	0	0.0297907085035791	0.017048372468721	1	1	Sig	Sig.Clean_Prosthesis_depleted	Clean_Prosthesis_depleted
Streptococcus_cristatus	0.000451078860013409	4.87802267353795e-06	0.00220862461127688	0.154639175257732	0.418614718614719	0.427835012275031	0.738811683826365	5.89305793614666	2.4275621384728	0.406493506493506	0.409834138968394	3.9673154020415e-05	0.000168441274143001	0	Inf	0.0909090909090909	0.000989824427385187	0.00329544657256751	0	Inf	0.238095238095238	-4.64093764461749	0.208308324834487	0.899477023160051	0	1.43351846345859	3.4439610818991	0	0.0295059812041506	0.0124411619952785	1	1	Sig	Sig.Clean_Prosthesis_depleted	Clean_Prosthesis_depleted
